№,пол,возраст,"ABCB1 
С3435Т"," CYP3A5*3
A6986G","CYP3A4*22
C>T","ABCB1
(С>Т, rs4148738)","CYP2C19*2
G681A","CYP2C19*3
G636A","CYP2C19*17
C-806T","CYP4F2
C(Val433Met)T Ö","CES1 
(А-33С, rs2244613)",CYP3A4 rs2242480,PON1 rs662,IGTB3 rs5918,P2Y12 rs2046934,"Новый rs80343429, G>A ","PEAR1 rs822442
C>A","PEAR1 rs41273215
C>Т",PEAR1 rs57731889 C>T,"P2Y12R
rs3732759
A>G","B4GALT2
rs1061781
C>Т","ABCG2
rs2231142       G>T","CYP2B6
rs2279343           A > G","Клопи концентрация, нг/мл"
1,жен,81,CC,GG,СС,TT,GG,GG,CT,CT,AA,GG,TT ,TT,GG,GA,CA,CC,CC,GG,CC,CC,AG,"4,95"
2,жен,88,СT,GG,СС,CT,GA,GG,CT,CC,AA,GG,CT,CC,GG,GA,CA,CC,CC,GG,CC,CC,AG,НПКО
3,жен,81,CT,GG,СС,CT,GG,GG,CC,CT,AC,GG,TT ,TT,GA,GA,CA,CT,CC,AA,CC,CC,AG,"0,6"
4,муж,73,CT,GG,СС,CT,GG,GG,CT,CT,CC,GG,CT,TC,GA,GA,CA,CT,CC,AA,CT,CC,AG,"7,02"
5,муж,61,CT,GG,СС,CT,GG,GG,CC,CT,AA,GG,CT,TT,GA,GA,CA,CC,CC,AA,CC,CA,AG,"15,99"
6,муж,78,CT,AG,СС,TT,GG,GG,CT,CT,AA,GA,CT,TC,GG,GA,CA,CC,CC,GG,CC,CC,AG,"0,01"
7,жен,71,TT,GG,СС,CC,GG,GG,CT,CC,AA,GG,CT,TC,GG,GA,CA,CC,CC,GG,CC,CA,AG,"0,39"
8,муж,58,TT,GG,СС,CC,GG,GG,CT,CT,AA,GG,CT,TT,GG,GA,CA,CC,CC,AG,CC,CC,AG,"923,8"
9,муж,87,CC,GG,СС,TT,GA,GG,CC,CC,AC,GA,TT ,TT,GG,GA,CA,CC,CC,AG,CC,CA,AG,"0,32"
10,муж,65,TT,GG,СС,CC,GG,GG,CT,CT,AC,GG,CT,TT,GG,GA,CA,CC,TT,AG,CC,CC,AG,"0,3"
11,жен,78,TT,AG,СС,CC,GG,GG,CC,CC,AA,GA,TT ,TT,GG,GA,CA,CT,CC,AA,CC,CC,AG,"0,41"
12,жен,95,CT,GG,СС,TT,GG,GG,CC,CT,AA,GG,TT ,TC,GG,GA,CA,CT,CT,AG,CC,CC,AG,"8,8"
13,муж,62,TT,GG,СС,CC,GG,GG,CC,CC,AA,GG,CT,TC,GG,GA,CA,CT,CC,AA,CC,CC,AG,"0,42"
14,жен,69,CT,AG,СС,CT,GA,GG,CC,CC,AC,GA,TT ,TC,GG,GA,CA,CC,CT,AG,CC,CC,AG,"0,21"
15,жен,82,CT,GG,СС,CT,GG,GG,CT,CC,AC,GG,TT ,TT,GG,GA,CA,CC,CC,AG,CC,CC,AG,"0,44"
16,муж,60,CT,GG,СС,CT,GA,GG,CC,CT,AA,GG,TT ,TT,GG,GA,CA,CC,CC,AA,CT,CC,AG,"4,9"
17,муж,65,TT,GG,СС,CC,GG,GG,CC,TT,AC,GG,CT,TT,GG,GA,CA,CC,CC,AA,CC,CA,AG,"0,72"
18,муж,81,TT,GG,СС,CC,GA,GG,CT,CC,AA,GG,CT,TT,GG,GA,CA,CC,CC,AA,CC,CA,AG,"209,51"
19,жен,85,CC,AG,СС,TT,GG,GG,CC,CT,AA,GA,TT ,TT,GG,GA,CA,CT,CC,AG,CC,CA,AG,"0,24"
20,муж,77,CC,AG,СС,TT,GG,GG,CC,CC,AA,GA,CC,TC,GA,GA,CA,CC,CT,AA,CC,CA,AG,"3,02"
21,муж,79,CT,AG,СС,CT,GG,GG,CC,CT,AA,GA,CT,TT,GA,GA,CA,CC,CC,AG,CC,CC,AG,"1,04"
22,жен,81,TT,GG,СС,CC,GA,GG,CT,CC,AA,GG,CT,TT,GG,GA,CA,CC,CC,AA,CC,CA,AG,НПКО
23,муж,64,CC,GG,СС,TT,GA,GG,CC,CC,AA,GG,CT,TC,GG,GA,CA,CC,CC,AG,CC,CC,AG,"0,57"
24,жен,79,CT,GG,СС,CT,GA,GG,CC,CT,AA,GA,CC,TT,GG,GA,CA,CC,CT,AG,CC,CA,AG,Нет данных
25,жен,65,TT,GG,СС,CT,GG,GG,CC,CC,CC,GG,CT,TT,GA,GA,CA,CC,CC,AG,CC,CA,AG,"1,33"
26,муж,87,CT,GG,СС,TT,GG,GG,CC,CC,AA,GG,TT ,CC,GG,GA,CA,CT,CC,GG,CC,CC,AG,"0,8"
27,жен,81,CT,GG,СС,CT,GA,GG,CT,CC,AC,GG,CT,TC,GG,GA,CA,CC,CC,GG,CC,CA,AG,"251,7"
28,жен,77,CC,GG,СС,TT,GG,GG,CT,TT,AC,GG,CC,CC,GG,GA,CA,CC,CC,AG,CC,CC,AG,"0,062"
29,жен,78,TT,GG,СС,CT,GG,GG,CC,CC,AA,GG,CT,TT,GA,GA,CA,CC,CC,AA,CC,CC,AG,"0,7"
30,муж,64,CC,GG,СС,TT,GG,GG,CC,CC,AA,GG,TT ,TT,GA,GA,CA,CC,CT,AG,CC,CC,AG,"2,85"
31,муж,69,CT,GG,СС,CT,GG,GG,CC,CC,AC,GG,CT,TT,GA,GA,CA,CC,CC,AA,CC,CC,AG,НПКО
32,муж,66,CT,GG,СС,TT,GA,GG,CC,CT,AA,GG,TT ,TT,GG,GA,CA,CC,CC,AG,CC,CA,AG,"1,06"
33,муж,68,CT,AG,СС,CT,GA,GG,CC,TT,AC,GA,TT ,TC,GG,GA,CA,CC,CC,AG,CC,CC,AG,"0,95"
34,муж,79,CC,GG,СС,TT,GA,GG,CC,CC,AC,GG,CT,TC,GG,GA,CA,CC,CC,AA,CC,CC,AG,"0,67"
35,муж,85,CC,GG,СС,TT,AA,GG,CC,CT,CC,GG,CT,TC,GG,GA,CA,CC,CC,AA,CC,CC,AG,"2,5"
36,муж,69,CC,GG,СС,CT,GA,GG,CT,CT,AA,GG,CT,CC,GA,GA,CA,CC,CC,AA,CC,CC,AG,"0,62"
37,жен,78,CC,GG,СС,TT,GG,GG,CC,CC,AA,GG,TT ,TT,GG,GA,CA,CT,CC,AG,CC,CC,AG,"0,63"
38,муж,73,CT,GG,СС,CT,GG,GG,CC,CC,CC,GG,CT,TT,GG,GA,CA,CC,CT,AG,CC,CC,AG,"1,22"
39,жен,86,CT,GG,СС,TT,GA,GG,CC,CT,AC,GG,TT ,TC,GA,GA,CA,CC,CC,AA,CC,CC,AG,"0,84"
40,муж,50,TT,GG,СС,CC,AA,GG,CC,CC,AA,GA,TT ,TT,GA,GA,CA,CC,TT,AG,CC,CC,AG,"1005,97"
41,жен,88,CT,AG,CC,CC,GG,GG,CT,CC,AA,GA,CT,TT,GG,GA,CA,CC,CC,GG,CC,CA,AG,"0,81"
42,жен,87,CT,GG,CC,CC,GA,GG,CC,CT,AC,GG,CT,TT,GG,GA,CA,CC,CC,AA,CT,CC,AG,"4,76"
43,жен,89,CC,AG,СС,TT,GG,GG,CT,TT,AA,GA,TT ,CC,GG,GA,CA,CC,CC,AA,CC,CC,AG,"0,72"
44,муж,69,TT,GG,CC,CT,GG,GG,CT,CT,AC,GG,TT ,CC,GG,GA,CA,CC,CC,GG,CT,CA,AG,"5,63"
45,жен,74,CT,GG,СС,CT,GG,GG,CC,CT,AC,GG,TT ,CC,GA,GA,CA,CT,CC,AA,CC,CC,AG,"15,15"
46,жен,81,TT,GG,СС,CT,GG,GG,CC,CT,AA,GG,TT ,CC,GG,GA,CA,CC,CT,AG,CC,CC,AG,"0,31"
47,жен,81,TT,GG,СС,CC,GA,GG,CC,CC,AA,GA,TT ,CC,GG,GA,CA,CC,CC,GG,CC,CC,AG,"2,79"
48,муж,68,CT,AG,СС,CT,GG,GG,CC,CC,AA,GA,TT ,CC,GG,GA,CA,CC,CC,AG,CC,CC,AG,"7,26"
49,муж,69,TT,GG,CC,TT,GG,GG,CT,CC,AA,GG,CT,CC,GA,GA,CA,CC,CT,AA,CC,CC,AG,"3,74"
50,муж,66,TT,AG,CC,CC,GG,GG,CT,CC,CC,GA,CT,TC,GG,GA,CA,CC,CC,AG,CC,CC,AG,"0,24"
51,жен,74,TT,GG,CC,CT,GG,GG,CT,CC,AA,GG,CT,CC,GA,GA,CA,CC,CC,AA,CT,CC,AG,"0,62"
52,жен,80,CT,GG,CC,TT,GA,GG,CC,CT,AC,GG,CT,CC,GG,GA,CA,CC,CC,AG,CC,CC,GG,"1,44"
53,жен,71,CT,GG,CC,CT,GG,GG,CC,CT,AA,GG,CT,CC,GG,GA,CA,CC,CC,AG,CC,CC,AG,"1,07"
54,муж,78,CT,GG,CC,CT,GG,GG,CT,CC,AA,GG,CC,TC,GG,GA,CA,CT,CC,AA,CC,CC,AG,"1,01"
55,муж,60,CC,GG,CC,TT,GG,GG,CT,CC,AA,GG,CT,CC,GG,GA,CA,CT,CC,GG,CC,CC,GG,"4,76"
56,жен,70,TT,GG,CC,CC,GG,GG,TT,CT,AA,GG,CT,TT,GG,GA,CA,CC,CT,AA,CC,CC,AG,"2,09"
57,муж,63,TT,GG,CC,CC,GG,GG,CT,CC,AC,GG,CT,TT,GG,GA,CA,CC,CC,AG,CC,CC,AG,"4,81"
58,муж,63,TT,GG,CC,CC,GG,GG,CT,CC,AC,GG,CT,TC,GG,GA,CA,CT,CC,GG,CC,CC,AG,"0,91"
59,муж,62,CC,GG,CC,TT,GG,GG,CT,CT,AA,GG,CT,TT,GG,GA,CA,CT,CC,AA,CC,CC,AG,"0,28"
60,муж,75,CT,AG,CC,TT,GG,GG,CT,CT,AA,GA,CT,TC,GG,GA,CA,CC,CC,GG,CC,CC,AG,"7,85"
61,муж,81,CT,GG,CC,CT,GG,GG,CC,CC,AA,GG,CC,CC,GG,GA,CA,CT,CT,GG,CC,CC,AG,"2,49"
62,муж,83,TT,GG,CC,CC,GG,GG,CT,CT,AA,GG,CT,TT,GG,GA,CA,CC,CC,AA,CC,CC,AG,"0,39"
63,жен,92,TT,AG,CC,CC,GG,GG,CT,CC,AC,GA,CT,TT,GG,GA,CA,CC,CT,AA,CC,CA,AG,НПКО
64,муж,61,TT,GG,CC,CT,GG,GG,CC,CT,AA,GG,TT ,TT,GG,GA,CA,CC,CC,AA,CC,CA,AG,"4,15"
65,муж,78,CT,GG,CC,CT,GG,GG,TT,CC,AA,GG,CT,TC,GG,GA,CA,CT,CC,AA,CC,CC,AG,НПКО
66,муж,65,CC,GG,CC,TT,GA,GG,CT,CT,AC,GG,TT ,TT,GA,GA,CA,CC,CC,AA,CC,CC,AG,"6,23"
67,муж,70,TT,GG,CC,CT,GG,GG,CC,CC,AA,GG,CC,TC,GG,GA,CA,CC,CC,AG,CC,CC,AG,"0,24"
68,муж,64,CC,GG,CC,CT,GG,GG,CC,CC,AC,GG,CT,TT,GG,GA,CA,CC,CC,AG,CC,CC,AG,"8,25"
69,жен,90,CT,GG,CC,CT,GG,GG,CT,CT,AA,GG,TT ,TT,GG,GA,CA,CC,CC,AG,CC,CC,AG,"0,28"
70,жен,81,CT,AG,CC,CT,GG,GG,TT,CC,AA,GA,TT ,TC,GG,GA,CA,CC,CC,AG,CC,CC,AG,"0,83"
71,жен,73,CT,GG,CC,CC,GA,GG,CC,CT,AA,GG,CT,TT,GG,GA,CA,CC,CC,AA,CT,CC,AG,"24,5"
72,муж,84,TT,GG,CC,CT,GG,GG,CT,CC,AA,GG,CT,TT,GG,GA,CA,CC,CC,AA,CC,CC,AG,"4,83"
73,жен,69,CT,GG,CC,CT,GG,GG,CC,CC,AC,GG,TT ,TC,GG,GA,CA,CC,CC,AA,CC,CC,AG,"2,44"
74,муж,54,CT,GG,CC,TT,GA,GG,CC,CC,AC,GG,TT ,TT,GG,GA,CA,CC,CC,AG,CC,CC,AG,"0,26"
75,муж,63,CC,GG,CC,TT,GA,GG,CC,CC,AA,GG,CT,TT,GG,GA,CA,CC,CC,AG,CC,CC,AG,"1,02"
76,жен,88,CT,GG,CC,CT,GG,GG,CT,CT,AA,GG,TT ,CC,GA,GA,CA,CT,CC,AA,CC,CA,AG,"1,24"
77,муж,59,CT,AG,CC,CT,GG,GG,CC,CT,AA,GA,CC,TT,GG,GA,CA,CC,CC,AG,CC,CC,AG,"0,26"
78,муж,57,CT,GG,CC,CT,GG,GG,CC,CT,AA,GG,TT ,TT,GG,GA,CA,CC,CT,AG,CC,CC,AG,"8,94"
79,муж,68,CC,GG,CC,TT,GA,GG,CC,CT,AC,GG,TT ,TC,GG,GA,CA,CC,CC,GG,CC,CC,AG,"0,55"
80,муж,64,CT,GG,CC,TT,GG,GG,CC,CC,CC,GG,CC,TC,GG,GA,CA,CC,CC,AA,CC,CC,AG,"0,41"
81,муж,88,CT,GG,CC,CT,GG,GG,CC,CC,AA,GG,TT ,TT,GG,GA,CA,CC,CC,AA,CC,CC,AG,"1,13"
82,жен,67,CC,GG,CC,TT,GG,GG,CT,CC,AA,GG,TT ,TT,GG,GA,CA,CC,CC,GG,CT,CC,AG,"0,3"
83,жен,78,CC,AG,CC,TT,GG,GG,CC,CT,AC,GA,TT ,TC,GA,GA,CA,CC,CC,AA,CC,CC,AG,"748,75"
84,муж,83,CT,GG,CC,CT,GA,GG,CC,TT,AA,GG,TT ,TT,GG,GA,CA,CC,CC,GG,CC,CC,AG,"142,93"
85,жен,75,CC,GG,CC,TT,GG,GG,CC,CC,AA,GG,TT ,TT,GG,GA,CA,CC,CC,AA,CC,CC,AG,"19,02"
86,жен,64,CT,GG,CC,TT,GG,GG,CT,CC,AA,GG,CT,TC,GA,GA,CA,CT,CC,AG,CC,CC,AG,"3,49"
87,жен,88,CC,GG,CC,TT,GG,GG,TT,CC,AC,GG,TT ,CC,GA,GA,CA,CC,CC,AG,CC,CC,AG,НПКО
88,муж,79,TT,AG,CC,CT,GA,GG,CC,CC,AA,GA,TT ,TT,GG,GA,CA,CT,CC,GG,CC,CC,AG,"16,6"
89,муж,76,TT,GG,CC,CT,GA,GG,CC,CT,AC,GG,CC,TC,GG,GA,CA,CC,CC,AG,CC,CC,AG,"2,01"
90,жен,81,CT,GG,CC,CT,GA,GG,CC,CT,AA,GG,CC,TC,GG,GA,AA,CC,CC,AG,CC,CC,AG,"2,37"
91,муж,64,CC,AG,CC,TT,GA,GG,CC,CT,AC,GA,TT ,TT,GA,GA,CA,CC,CC,AA,CC,CC,AG,"0,63"
92,муж,83,CT,GG,CC,CT,GG,GG,CC,CC,CC,GG,CT,TT,GG,GA,CA,CC,TC,AA,CC,CC,GG,202
93,жен,63,CC,GG,CC,TT,GG,GG,CT,CC,AC,GG,CT,TC,GG,GA,CA,CC,CC,GG,CT,CA,GG,"0,17"
94,жен,61,TT,GG,CC,CT,GG,GG,CC,CC,AC,GG,CT,TC,GA,GA,CA,CC,CC,AA,CC,CC,AG,НПКО
95,жен,67,CC,GG,CC,TT,GA,GG,CC,CC,AA,GG,CT,TT,GG,GA,CA,CT,CC,AG,CC,CC,AG,"0,5"
96,жен,79,CT,GG,CC,CT,GG,GG,CC,CC,AA,GG,CT,TT,GA,GA,CA,CC,CC,AG,CC,CC,AG,"0,54"
97,жен,62,CC,GG,CC,TT,GG,GG,CT,CC,AA,GG,CT,TT,GG,GA,CA,CC,CC,AA,CC,CC,AG,"1,3"
98,жен,87,CT,GG,CC,CT,GG,GG,CT,CC,AA,GA,TT ,TC,GG,GA,CC,TT,CC,AG,CC,CC,AG,Нет данных
99,жен,77,CC,GG,CC,TT,GG,GG,CT,CC,AA,GG,CT,TC,GG,GA,CA,CC,CC,AG,CT,CC,AG,"3,96"
100,муж,60,CC,GG,CT,СТ,GG,GG,CT,TT,AA,GG,TT ,TT,GG,GA,CA,CC,CC,AA,CC,CC,AG,"2,66"
101,муж,60,CT,GG,CC,TT,GG,GG,CT,CC,AA,GG,TT ,TT,GA,GA,CA,CC,TC,AA,CC,CA,AG,"2,58"
102,муж,76,CC,AG,CC,CT,GA,GG,CT,CT,AA,GA,TT ,TC,GG,GA,CA,CT,CC,AG,CC,CC,AG,"3,02"
103,жен,74,CC,GG,CC,TT,GG,GG,TT,CC,AC,GG,CC,TC,GA,GA,CA,CC,CC,AG,CC,CC,AG,"0,36"